SC00369,BLACK
SC00370,BLACK
SC00371,BLACK
SC00372,BLACK
SC00373,BLACK
SC00374,BLACK
SC00375,GOLD
SC00376,GOLD
SC00377,GOLD
SC00378,GOLD
SC00379,GOLD
SC00380,GOLD
SC00381,BLACK
SC00382,BLACK
SC00383,GOLD
SC00384,GOLD
SC00385,GOLD
SC00386,GOLD
SC00387,GOLD
SC00388,GOLD
SC00389,GOLD
SC00390,BLACK
SC00391,GOLD
SC00392,BLACK
SC00393,BLACK
SC00394,GOLD
SC00395,GOLD
SC00396,GOLD
SC00397,GOLD
SC00398,GOLD
SC00399,GOLD
SC00400,GOLD
SC00401,BLACK
SC00402,GOLD
SC00403,BLACK
SC00404,BLACK
SC00405,GOLD
SC00406,BLACK
SC00407,GOLD
SC00408,BLACK
SC00409,GOLD
SC00410,BLACK
SC00411,GOLD
SC00412,GOLD
SC00413,GOLD
SC00414,GOLD
SC00415,GOLD
SC00416,GOLD
SC00417,GOLD
SC00418,GOLD
SC00419,GOLD
SC00420,GOLD
SC00421,GOLD
SC00422,GOLD
SC00423,GOLD
SC00424,GOLD
SC00425,GOLD
SC00426,GOLD
SC00427,GOLD
SC00428,GOLD
SC00429,GOLD
SC00430,GOLD
SC00431,GOLD
SC00432,GOLD
SC00434,GOLD
SC00435,GOLD
SC00436,CLASSIC
SC00437,GOLD
SC00438,GOLD
SC00439,GOLD
SC00440,GOLD
SC00441,GOLD
SC00442,GOLD
SC00443,GOLD
SC00444,GOLD
SC00445,GOLD
SC00446,GOLD
SC00447,GOLD
SC00448,GOLD
SC00449,GOLD
SC00450,CLASSIC
SC00451,BLACK
SC00452,GOLD
SC00453,GOLD
SC00454,GOLD
SC00455,BLACK
SC00456,GOLD
SC00457,GOLD
SC00458,GOLD
SC00459,GOLD
SC00460,GOLD
SC00461,GOLD
SC00462,CLASSIC
SC00463,GOLD
SC00464,GOLD
SC00465,CLASSIC
SC00466,GOLD
SC00467,GOLD
SC00468,GOLD
SC00469,CLASSIC
SC00470,GOLD
SC00471,GOLD
SC00472,GOLD
SC00473,CLASSIC
SC00474,CLASSIC
SC00475,CLASSIC
SC00476,CLASSIC
SC00477,GOLD
SC00478,CLASSIC
SC00479,CLASSIC
SC00480,GOLD
SC00481,CLASSIC
SC00482,CLASSIC
SC00483,CLASSIC
SC00484,CLASSIC
SC00485,GOLD
SC00486,GOLD
SC00487,CLASSIC
SC00488,CLASSIC
SC00489,CLASSIC
SC00490,CLASSIC
SC00491,CLASSIC
SC00492,CLASSIC
SC00493,CLASSIC
SC00494,GOLD
SC00495,CLASSIC
SC00496,CLASSIC
SC00497,CLASSIC
SC00498,CLASSIC
SC00499,CLASSIC
SC00500,CLASSIC
SC00501,CLASSIC
SC00502,CLASSIC
SC00503,CLASSIC
SC00504,CLASSIC
SC00505,CLASSIC
SC00506,CLASSIC
SC00507,CLASSIC
SC00508,GOLD
SC00509,GOLD
SC00510,CLASSIC
SC00511,CLASSIC
SC00512,CLASSIC
SC00513,CLASSIC
SC00514,CLASSIC
SC00515,CLASSIC
SC00516,GOLD
SC00517,GOLD
SC00518,CLASSIC
SC00519,CLASSIC
SC00520,CLASSIC
SC00521,GOLD
SC00522,CLASSIC
SC00523,CLASSIC
SC00524,GOLD
SC00525,CLASSIC
SC00526,CLASSIC
SC00527,CLASSIC
SC00528,CLASSIC
SC00529,GOLD
SC00530,CLASSIC
SC00531,CLASSIC
SC00532,CLASSIC
SC00533,CLASSIC
SC00534,GOLD
SC00535,GOLD
SC00536,CLASSIC
SC00537,CLASSIC
SC00538,CLASSIC
SC00539,CLASSIC
SC00540,CLASSIC
SC00541,CLASSIC
SC00542,CLASSIC
SC00543,CLASSIC
SC00544,CLASSIC
SC00545,CLASSIC
SC00546,CLASSIC
SC00547,CLASSIC
SC00548,CLASSIC
SC00549,GOLD
SC00550,CLASSIC
SC00551,CLASSIC
SC00552,CLASSIC
SC00553,GOLD
SC00554,CLASSIC
SC00555,CLASSIC
SC00556,GOLD
SC00557,CLASSIC
SC00558,CLASSIC
SC00559,CLASSIC
SC00560,CLASSIC
SC00561,CLASSIC
SC00562,GOLD
SC00563,CLASSIC
SC00564,CLASSIC
SC00565,CLASSIC
SC00566,GOLD
SC00567,CLASSIC
SC00568,GOLD
SC00569,GOLD
SC00570,CLASSIC
SC00571,CLASSIC
SC00572,CLASSIC
SC00573,CLASSIC
SC00574,CLASSIC
SC00575,CLASSIC
SC00576,CLASSIC
SC00577,CLASSIC
SC00578,CLASSIC
SC00579,CLASSIC
SC00580,CLASSIC
SC00581,CLASSIC
SC00582,CLASSIC
SC00583,CLASSIC
SC00584,CLASSIC
SC00585,GOLD
SC00586,GOLD
SC00587,CLASSIC
SC00588,CLASSIC
SC00589,CLASSIC
SC00590,CLASSIC
SC00591,CLASSIC
SC00592,CLASSIC
SC00593,CLASSIC
SC00594,CLASSIC
SC00595,CLASSIC
SC00596,CLASSIC
SC00597,GOLD
SC00598,GOLD
SC00599,GOLD
SC00600,CLASSIC
SC00601,BASIC
SC00602,CLASSIC
SC00603,CLASSIC
SC00604,CLASSIC
SC00605,BASIC
SC00606,BASIC
SC00607,GOLD
SC00608,CLASSIC
SC00609,GOLD
SC00610,GOLD
SC00611,CLASSIC
SC00612,CLASSIC
SC00613,CLASSIC
SC00614,CLASSIC
SC00615,CLASSIC
SC00616,CLASSIC
SC00617,CLASSIC
SC00618,BASIC
SC00619,CLASSIC
SC00620,GOLD
SC00621,GOLD
SC00622,GOLD
SC00623,GOLD
SC00624,CLASSIC
SC00625,CLASSIC
SC00626,CLASSIC
SC00627,CLASSIC
SC00628,CLASSIC
SC00629,GOLD
SC00630,CLASSIC
SC00631,GOLD
SC00632,CLASSIC
SC00633,GOLD
SC00634,GOLD
SC00635,GOLD
SC00636,CLASSIC
SC00637,CLASSIC
SC00638,CLASSIC
SC00639,GOLD
SC00640,CLASSIC
SC00641,GOLD
SC00642,CLASSIC
SC00643,CLASSIC
SC00644,BLACK
SC00645,GOLD
SC00646,GOLD
SC00647,GOLD
SC00648,CLASSIC
SC00649,GOLD
SC00650,CLASSIC
SC00651,GOLD
SC00652,GOLD
SC00653,GOLD
SC00654,GOLD
SC00655,GOLD
SC00656,CLASSIC
SC00657,CLASSIC
SC00658,CLASSIC
SC00659,CLASSIC
SC00660,CLASSIC
SC00661,CLASSIC
SC00662,CLASSIC
SC00663,CLASSIC
SC00664,CLASSIC
SC00665,CLASSIC
SC00666,CLASSIC
SC00667,CLASSIC
SC00668,GOLD
SC00669,CLASSIC
SC00670,GOLD
SC00671,GOLD
SC00672,CLASSIC
SC00673,CLASSIC
SC00674,CLASSIC
SC00675,CLASSIC
SC00676,CLASSIC
SC00677,GOLD
SC00678,CLASSIC
SC00679,BASIC
SC00680,CLASSIC
SC00681,CLASSIC
SC00682,GOLD
SC00683,BASIC
SC00684,BASIC
SC00685,CLASSIC
SC00686,CLASSIC
SC00687,CLASSIC
SC00688,CLASSIC
SC00689,CLASSIC
SC00690,BASIC
SC00691,CLASSIC
SC00692,CLASSIC
SC00693,CLASSIC
SC00694,CLASSIC
SC00695,CLASSIC
SC00696,GOLD
SC00697,CLASSIC
SC00698,CLASSIC
SC00699,CLASSIC
SC00700,CLASSIC
SC00701,CLASSIC
SC00702,BASIC
SC00703,CLASSIC
SC00704,CLASSIC
SC00705,CLASSIC
SC00706,CLASSIC
SC00707,GOLD
SC00708,CLASSIC
SC00709,CLASSIC
SC00710,GOLD
SC00711,BASIC
SC00712,BASIC
SC00713,GOLD
SC00714,CLASSIC
SC00715,CLASSIC
SC00716,BASIC
SC00717,BASIC
SC00718,BASIC
SC00719,BASIC
SC00720,CLASSIC
SC00721,CLASSIC
SC00722,CLASSIC
SC00723,CLASSIC
SC00724,BASIC
SC00725,BASIC
SC00726,BASIC
SC00727,BASIC
SC00728,BASIC
SC00729,BASIC
SC00730,CLASSIC
SC00731,CLASSIC
SC00732,CLASSIC
SC00733,CLASSIC
SC00734,BASIC
SC00735,BASIC
SC00736,BASIC
SC00737,BASIC
SC00738,BASIC
SC00739,BASIC
SC00740,BASIC
SC00741,BASIC
SC00742,GOLD
SC00743,CLASSIC
SC00744,CLASSIC
SC00745,CLASSIC
SC00746,BASIC
SC00747,BASIC
SC00748,BASIC
SC00749,BASIC
SC00750,BASIC
SC00751,BASIC
SC00752,BASIC
SC00753,BASIC
SC00754,CLASSIC
SC00755,BASIC
SC00756,GOLD
SC00757,CLASSIC
SC00758,CLASSIC
SC00759,BASIC
SC00760,BASIC
SC00761,BASIC
SC00762,BASIC
SC00763,BASIC
SC00764,BASIC
SC00765,BASIC
SC00766,BASIC
SC00767,BASIC
SC00768,BASIC
SC00769,GOLD
SC00770,BASIC
SC00771,BASIC
SC00772,BASIC
SC00773,BASIC
SC00774,BASIC
SC00775,CLASSIC
SC00776,CLASSIC
SC00777,CLASSIC
SC00778,CLASSIC
SC00779,CLASSIC
SC00780,BASIC
SC00781,BASIC
SC00782,BASIC
SC00783,BASIC
SC00784,CLASSIC
SC00785,CLASSIC
SC00786,CLASSIC
SC00787,CLASSIC
SC00788,CLASSIC
SC00789,CLASSIC
SC00790,CLASSIC
SC00791,CLASSIC
SC00792,BASIC
SC00793,BASIC
SC00794,BASIC
SC00795,BASIC
SC00796,BASIC
SC00797,CLASSIC
SC00798,BASIC
SC00799,BASIC
SC00800,BASIC
SC00801,CLASSIC
SC00802,GOLD
SC00803,GOLD
SC00804,GOLD
SC00805,CLASSIC
SC00806,CLASSIC
SC00807,BASIC
SC00808,BASIC
SC00809,BASIC
SC00810,BASIC
SC00811,BASIC
SC00812,BASIC
SC00813,BASIC
SC00814,BASIC
SC00815,BASIC
SC00816,BASIC
SC00817,CLASSIC
SC00818,CLASSIC
SC00819,CLASSIC
SC00820,CLASSIC
SC00821,CLASSIC
SC00822,CLASSIC
SC00823,BASIC
SC00824,BASIC
SC00825,BASIC
SC00826,BASIC
SC00827,BASIC
SC00828,BASIC
SC00829,BASIC
SC00830,BASIC
SC00831,BASIC
SC00832,BASIC
SC00833,BASIC
SC00834,BASIC
SC00835,BASIC
SC00836,CLASSIC
SC00837,BASIC
SC00838,BASIC
SC00839,BASIC
SC00840,BASIC
SC00841,CLASSIC
SC00842,CLASSIC
SC00843,BASIC
SC00844,CLASSIC
SC00845,CLASSIC
SC00846,CLASSIC
SC00847,CLASSIC
SC00848,CLASSIC
SC00849,CLASSIC
SC00850,CLASSIC
SC00851,BASIC
SC00852,BASIC
SC00853,CLASSIC
SC00854,CLASSIC
SC00855,CLASSIC
SC00856,GOLD
SC00857,CLASSIC
SC00858,CLASSIC
SC00859,CLASSIC
SC00860,CLASSIC
SC00861,BASIC
SC00862,CLASSIC
SC00863,CLASSIC
SC00864,CLASSIC
SC00865,CLASSIC
SC00866,CLASSIC
SC00867,CLASSIC
SC00868,BASIC
SC00869,GOLD
SC00870,CLASSIC
SC00871,CLASSIC
SC00872,CLASSIC
SC00873,BASIC
SC00874,BASIC
SC00875,BASIC
SC00876,BASIC
SC00877,BASIC
SC00878,BASIC
SC00879,BASIC
SC00880,BASIC
SC00881,BASIC
SC00882,CLASSIC
SC00883,CLASSIC
SC00884,CLASSIC
SC00885,BASIC
SC00886,BASIC
SC00887,GOLD
SC00888,BASIC
SC00889,CLASSIC
SC00890,GOLD
SC00891,BASIC
SC00892,BASIC
SC00893,CLASSIC
SC00894,CLASSIC
SC00895,BASIC
SC00896,BASIC
SC00897,CLASSIC
SC00898,CLASSIC
SC00899,CLASSIC
SC00900,CLASSIC
SC00901,CLASSIC
SC00902,BASIC
SC00903,BASIC
SC00904,BASIC
SC00905,BASIC
SC00906,CLASSIC
SC00907,BASIC
SC00908,CLASSIC
SC00909,CLASSIC
SC00910,CLASSIC
SC00911,CLASSIC
SC00912,BASIC
SC00913,BASIC
SC00914,BASIC
SC00915,BASIC
SC00916,CLASSIC
SC00917,CLASSIC
SC00918,CLASSIC
SC00919,CLASSIC
SC00920,CLASSIC
SC00921,BASIC
SC00922,CLASSIC
SC00923,CLASSIC
SC00924,CLASSIC
SC00925,BASIC
SC00926,BASIC
SC00927,CLASSIC
SC00928,CLASSIC
SC00929,CLASSIC
SC00930,CLASSIC
SC00931,CLASSIC
SC00932,CLASSIC
SC00933,BASIC
SC00934,GOLD
SC00935,BASIC
SC00936,GOLD
SC00937,CLASSIC
SC00938,BASIC
SC00939,GOLD
SC00940,GOLD
SC00941,CLASSIC
SC00942,CLASSIC
SC00943,BASIC
SC00944,CLASSIC
SC00945,CLASSIC
SC00946,CLASSIC
SC00947,BASIC
SC00948,BASIC
SC00949,CLASSIC
SC00950,CLASSIC
SC00951,BASIC
SC00952,BASIC
SC00953,BASIC
SC00954,CLASSIC
SC00955,CLASSIC
SC00956,CLASSIC
SC00957,BASIC
SC00958,BASIC
SC00959,BASIC
SC00960,BASIC
SC00961,BASIC
SC00962,BASIC
SC00963,CLASSIC
SC00964,BASIC
SC00965,BASIC
SC00966,CLASSIC
SC00967,CLASSIC
SC00968,CLASSIC
SC00969,CLASSIC
SC00970,BASIC
SC00971,BASIC
SC00972,GOLD
SC00973,BASIC
SC00974,CLASSIC
SC00975,CLASSIC
SC00976,CLASSIC
SC00977,CLASSIC
SC00978,BASIC
SC00979,CLASSIC
SC00980,BASIC
SC00981,CLASSIC
SC00982,CLASSIC
SC00983,CLASSIC
SC00984,CLASSIC
SC00985,CLASSIC
SC00986,CLASSIC
SC00987,CLASSIC
SC00988,GOLD
SC00989,CLASSIC
SC00990,CLASSIC
SC00991,CLASSIC
SC00992,CLASSIC
SC00993,CLASSIC
SC00994,CLASSIC
SC00995,CLASSIC
SC00996,CLASSIC
SC00997,CLASSIC
SC00998,CLASSIC
SC00999,CLASSIC
SC01000,CLASSIC
SC01001,BLACK
SC01002,CLASSIC
SC01003,CLASSIC
SC01004,CLASSIC
SC01005,CLASSIC
SC01006,CLASSIC
SC01007,CLASSIC
SC01008,CLASSIC
SC01009,CLASSIC
SC01010,CLASSIC
SC01011,GOLD
SC01012,CLASSIC
SC01013,GOLD
SC01014,CLASSIC
SC01015,CLASSIC
SC01016,GOLD
SC01017,CLASSIC
SC01018,GOLD
SC01019,CLASSIC
SC01020,CLASSIC
SC01021,CLASSIC
SC01022,CLASSIC
SC01023,CLASSIC
SC01024,CLASSIC
SC01025,CLASSIC
SC01026,CLASSIC
SC01027,CLASSIC
SC01028,CLASSIC
SC01029,CLASSIC
SC01030,CLASSIC
SC01031,CLASSIC
SC01032,CLASSIC
SC01033,CLASSIC
SC01034,CLASSIC
SC01035,GOLD
SC01036,CLASSIC
SC01037,CLASSIC
SC01038,CLASSIC
SC01039,CLASSIC
SC01040,CLASSIC
SC01041,CLASSIC
SC01042,CLASSIC
SC01043,CLASSIC
SC01044,GOLD
SC01045,CLASSIC
SC01046,CLASSIC
SC01047,CLASSIC
SC01048,GOLD
SC01049,CLASSIC
SC01050,CLASSIC
SC01051,CLASSIC
SC01052,CLASSIC
SC01053,CLASSIC
SC01054,CLASSIC
SC01055,CLASSIC
SC01056,GOLD
